param_classifier__C,param_features__min_df,mean_test_score,std_test_score,rank_test_score,split0_test_score,split1_test_score,split2_test_score,split3_test_score,split4_test_score
2,2,0.18709155708961914,0.003015248835553095,8,0.1881460486828943,0.18214404801600534,0.19149645685702377,0.18724468528553564,0.18642654660663666
2,3,0.18734168076198748,0.0032996647376152474,9,0.1888962987662554,0.1813937979326442,0.1914130887869946,0.187411421425594,0.1875937968984492
2,5,0.18685813761298659,0.0036466542032237816,7,0.18856285428476158,0.18106035345115037,0.19224676948728636,0.18599416423509796,0.18642654660663666
4,2,0.18560760682607777,0.004352429405278065,3,0.18864621540513504,0.1790596865621874,0.19182992913714048,0.18457690704460192,0.18392529598132398
4,3,0.1855742637697137,0.004248655571945734,2,0.18856285428476158,0.17955985328442814,0.19182992913714048,0.18332638599416423,0.18459229614807404
4,5,0.18539086652618866,0.004454859503678451,1,0.18881293764588197,0.17897632544181394,0.19157982492705294,0.18257607336390164,0.18500917125229283
8,2,0.18579102770190883,0.004442139611334874,4,0.18906302100700234,0.17880960320106704,0.19182992913714048,0.18449353897457274,0.18475904618976155
8,3,0.1861411318960111,0.004105231563771299,5,0.18956318772924308,0.1800600200066689,0.19166319299708212,0.18541058774489372,0.18400867100216775
8,5,0.18675803059917478,0.00402593219384957,6,0.19081360453484494,0.18164388129376458,0.192080033347228,0.1839099624843685,0.18534267133566784
